<?xml version="1.0" encoding="UTF-8"?>
<GenRun Id="impl_1" LaunchPart="xc7a100tcsg324-1" LaunchTime="1615961585">
  <File Type="BITSTR-BMM" Name="top_processor_bd.bmm"/>
  <File Type="OPT-METHODOLOGY-DRC" Name="top_processor_methodology_drc_opted.rpt"/>
  <File Type="INIT-TIMING" Name="top_processor_timing_summary_init.rpt"/>
  <File Type="ROUTE-PWR" Name="top_processor_power_routed.rpt"/>
  <File Type="PA-TCL" Name="top_processor.tcl"/>
  <File Type="OPT-TIMING" Name="top_processor_timing_summary_opted.rpt"/>
  <File Type="OPT-DCP" Name="top_processor_opt.dcp"/>
  <File Type="ROUTE-PWR-SUM" Name="top_processor_power_summary_routed.pb"/>
  <File Type="REPORTS-TCL" Name="top_processor_reports.tcl"/>
  <File Type="OPT-DRC" Name="top_processor_drc_opted.rpt"/>
  <File Type="OPT-HWDEF" Name="top_processor.hwdef"/>
  <File Type="PWROPT-DCP" Name="top_processor_pwropt.dcp"/>
  <File Type="PWROPT-DRC" Name="top_processor_drc_pwropted.rpt"/>
  <File Type="PWROPT-TIMING" Name="top_processor_timing_summary_pwropted.rpt"/>
  <File Type="PLACE-DCP" Name="top_processor_placed.dcp"/>
  <File Type="PLACE-IO" Name="top_processor_io_placed.rpt"/>
  <File Type="PLACE-CLK" Name="top_processor_clock_utilization_placed.rpt"/>
  <File Type="PLACE-UTIL" Name="top_processor_utilization_placed.rpt"/>
  <File Type="PLACE-UTIL-PB" Name="top_processor_utilization_placed.pb"/>
  <File Type="PLACE-CTRL" Name="top_processor_control_sets_placed.rpt"/>
  <File Type="PLACE-SIMILARITY" Name="top_processor_incremental_reuse_placed.rpt"/>
  <File Type="PLACE-PRE-SIMILARITY" Name="top_processor_incremental_reuse_pre_placed.rpt"/>
  <File Type="PLACE-TIMING" Name="top_processor_timing_summary_placed.rpt"/>
  <File Type="POSTPLACE-PWROPT-DCP" Name="top_processor_postplace_pwropt.dcp"/>
  <File Type="BG-BIN" Name="top_processor.bin"/>
  <File Type="POSTPLACE-PWROPT-TIMING" Name="top_processor_timing_summary_postplace_pwropted.rpt"/>
  <File Type="PHYSOPT-DCP" Name="top_processor_physopt.dcp"/>
  <File Type="PHYSOPT-DRC" Name="top_processor_drc_physopted.rpt"/>
  <File Type="BITSTR-MSK" Name="top_processor.msk"/>
  <File Type="PHYSOPT-TIMING" Name="top_processor_timing_summary_physopted.rpt"/>
  <File Type="ROUTE-ERROR-DCP" Name="top_processor_routed_error.dcp"/>
  <File Type="ROUTE-DCP" Name="top_processor_routed.dcp"/>
  <File Type="ROUTE-BLACKBOX-DCP" Name="top_processor_routed_bb.dcp"/>
  <File Type="ROUTE-DRC" Name="top_processor_drc_routed.rpt"/>
  <File Type="ROUTE-DRC-PB" Name="top_processor_drc_routed.pb"/>
  <File Type="ROUTE-DRC-RPX" Name="top_processor_drc_routed.rpx"/>
  <File Type="BITSTR-MMI" Name="top_processor.mmi"/>
  <File Type="ROUTE-METHODOLOGY-DRC" Name="top_processor_methodology_drc_routed.rpt"/>
  <File Type="ROUTE-METHODOLOGY-DRC-RPX" Name="top_processor_methodology_drc_routed.rpx"/>
  <File Type="ROUTE-METHODOLOGY-DRC-PB" Name="top_processor_methodology_drc_routed.pb"/>
  <File Type="ROUTE-PWR-RPX" Name="top_processor_power_routed.rpx"/>
  <File Type="ROUTE-STATUS" Name="top_processor_route_status.rpt"/>
  <File Type="ROUTE-STATUS-PB" Name="top_processor_route_status.pb"/>
  <File Type="ROUTE-TIMINGSUMMARY" Name="top_processor_timing_summary_routed.rpt"/>
  <File Type="ROUTE-TIMING-PB" Name="top_processor_timing_summary_routed.pb"/>
  <File Type="ROUTE-TIMING-RPX" Name="top_processor_timing_summary_routed.rpx"/>
  <File Type="ROUTE-SIMILARITY" Name="top_processor_incremental_reuse_routed.rpt"/>
  <File Type="ROUTE-CLK" Name="top_processor_clock_utilization_routed.rpt"/>
  <File Type="ROUTE-BUS-SKEW" Name="top_processor_bus_skew_routed.rpt"/>
  <File Type="ROUTE-BUS-SKEW-PB" Name="top_processor_bus_skew_routed.pb"/>
  <File Type="ROUTE-BUS-SKEW-RPX" Name="top_processor_bus_skew_routed.rpx"/>
  <File Type="POSTROUTE-PHYSOPT-DCP" Name="top_processor_postroute_physopt.dcp"/>
  <File Type="POSTROUTE-PHYSOPT-BLACKBOX-DCP" Name="top_processor_postroute_physopt_bb.dcp"/>
  <File Type="POSTROUTE-PHYSOPT-TIMING" Name="top_processor_timing_summary_postroute_physopted.rpt"/>
  <File Type="POSTROUTE-PHYSOPT-TIMING-PB" Name="top_processor_timing_summary_postroute_physopted.pb"/>
  <File Type="POSTROUTE-PHYSOPT-TIMING-RPX" Name="top_processor_timing_summary_postroute_physopted.rpx"/>
  <File Type="POSTROUTE-PHYSOPT-BUS-SKEW" Name="top_processor_bus_skew_postroute_physopted.rpt"/>
  <File Type="POSTROUTE-PHYSOPT-BUS-SKEW-PB" Name="top_processor_bus_skew_postroute_physopted.pb"/>
  <File Type="BG-BIT" Name="top_processor.bit"/>
  <File Type="POSTROUTE-PHYSOPT-BUS-SKEW-RPX" Name="top_processor_bus_skew_postroute_physopted.rpx"/>
  <File Type="BITSTR-RBT" Name="top_processor.rbt"/>
  <File Type="BITSTR-NKY" Name="top_processor.nky"/>
  <File Type="PDI-FILE" Name="top_processor.pdi"/>
  <File Type="RCFI_FILE" Name="top_processor.rcfi"/>
  <File Type="CFI_FILE" Name="top_processor.cfi"/>
  <File Type="RNPI_FILE" Name="top_processor.rnpi"/>
  <File Type="NPI_FILE" Name="top_processor.npi"/>
  <File Type="RBD_FILE" Name="top_processor.rbd"/>
  <File Type="BITSTR-LTX" Name="debug_nets.ltx"/>
  <File Type="BITSTR-LTX" Name="top_processor.ltx"/>
  <File Type="BITSTR-SYSDEF" Name="top_processor.sysdef"/>
  <File Type="BG-BGN" Name="top_processor.bgn"/>
  <File Type="BG-DRC" Name="top_processor.drc"/>
  <File Type="RDI-RDI" Name="top_processor.vdi"/>
  <File Type="WBT-USG" Name="usage_statistics_webtalk.html"/>
  <FileSet Name="sources" Type="DesignSrcs" RelSrcDir="$PSRCDIR/sources_1">
    <Filter Type="Srcs"/>
    <File Path="$PSRCDIR/sources_1/imports/new/BCD_control.vhd">
      <FileInfo>
        <Attr Name="ImportPath" Val="$PPRDIR/../fuck/lab4v2_7seg/lab4v2_7seg.srcs/sources_1/new/BCD_control.vhd"/>
        <Attr Name="ImportTime" Val="1615844793"/>
        <Attr Name="UsedIn" Val="synthesis"/>
        <Attr Name="UsedIn" Val="simulation"/>
      </FileInfo>
    </File>
    <File Path="$PSRCDIR/sources_1/imports/new/BCD_to_cathode.vhd">
      <FileInfo>
        <Attr Name="ImportPath" Val="$PPRDIR/../fuck/lab4v2_7seg/lab4v2_7seg.srcs/sources_1/new/BCD_to_cathode.vhd"/>
        <Attr Name="ImportTime" Val="1615844236"/>
        <Attr Name="UsedIn" Val="synthesis"/>
        <Attr Name="UsedIn" Val="simulation"/>
      </FileInfo>
    </File>
    <File Path="$PSRCDIR/sources_1/imports/HDD2_Downloads/HalfAdder.vhd">
      <FileInfo>
        <Attr Name="ImportPath" Val="E:/Users/Jacob/HDD2_Downloads/HalfAdder.vhd"/>
        <Attr Name="ImportTime" Val="1615946134"/>
        <Attr Name="UsedIn" Val="synthesis"/>
        <Attr Name="UsedIn" Val="simulation"/>
      </FileInfo>
    </File>
    <File Path="$PSRCDIR/sources_1/new/add_sub.vhd">
      <FileInfo>
        <Attr Name="UsedIn" Val="synthesis"/>
        <Attr Name="UsedIn" Val="simulation"/>
      </FileInfo>
    </File>
    <File Path="$PSRCDIR/sources_1/imports/new/anode_control.vhd">
      <FileInfo>
        <Attr Name="ImportPath" Val="$PPRDIR/../fuck/lab4v2_7seg/lab4v2_7seg.srcs/sources_1/new/anode_control.vhd"/>
        <Attr Name="ImportTime" Val="1615846825"/>
        <Attr Name="UsedIn" Val="synthesis"/>
        <Attr Name="UsedIn" Val="simulation"/>
      </FileInfo>
    </File>
    <File Path="$PSRCDIR/sources_1/new/bcd_ALU.vhd">
      <FileInfo>
        <Attr Name="UsedIn" Val="synthesis"/>
        <Attr Name="UsedIn" Val="simulation"/>
      </FileInfo>
    </File>
    <File Path="$PSRCDIR/sources_1/imports/HDD2_Downloads/bcd_mult.vhd">
      <FileInfo>
        <Attr Name="ImportPath" Val="E:/Users/Jacob/HDD2_Downloads/bcd_mult.vhd"/>
        <Attr Name="ImportTime" Val="1615952709"/>
        <Attr Name="UsedIn" Val="synthesis"/>
        <Attr Name="UsedIn" Val="simulation"/>
      </FileInfo>
    </File>
    <File Path="$PSRCDIR/sources_1/new/bin8bcd_mult.vhd">
      <FileInfo>
        <Attr Name="UsedIn" Val="synthesis"/>
        <Attr Name="UsedIn" Val="simulation"/>
      </FileInfo>
    </File>
    <File Path="$PSRCDIR/sources_1/new/bin_to_bcd.vhd">
      <FileInfo>
        <Attr Name="UsedIn" Val="synthesis"/>
        <Attr Name="UsedIn" Val="simulation"/>
      </FileInfo>
    </File>
    <File Path="$PSRCDIR/sources_1/imports/new/clock_divider.vhd">
      <FileInfo>
        <Attr Name="ImportPath" Val="$PPRDIR/../fuck/lab4v2_7seg/lab4v2_7seg.srcs/sources_1/new/clock_divider.vhd"/>
        <Attr Name="ImportTime" Val="1614759906"/>
        <Attr Name="UsedIn" Val="synthesis"/>
        <Attr Name="UsedIn" Val="simulation"/>
      </FileInfo>
    </File>
    <File Path="$PSRCDIR/sources_1/new/fulladder.vhd">
      <FileInfo>
        <Attr Name="UsedIn" Val="synthesis"/>
        <Attr Name="UsedIn" Val="simulation"/>
      </FileInfo>
    </File>
    <File Path="$PSRCDIR/sources_1/imports/new/refresh_counter.vhd">
      <FileInfo>
        <Attr Name="ImportPath" Val="$PPRDIR/../fuck/lab4v2_7seg/lab4v2_7seg.srcs/sources_1/new/refresh_counter.vhd"/>
        <Attr Name="ImportTime" Val="1615003967"/>
        <Attr Name="UsedIn" Val="synthesis"/>
        <Attr Name="UsedIn" Val="simulation"/>
      </FileInfo>
    </File>
    <File Path="$PSRCDIR/sources_1/imports/new/sevseg_controller.vhd">
      <FileInfo>
        <Attr Name="ImportPath" Val="$PPRDIR/../fuck/lab4v2_7seg/lab4v2_7seg.srcs/sources_1/new/sevseg_controller.vhd"/>
        <Attr Name="ImportTime" Val="1615848400"/>
        <Attr Name="UsedIn" Val="synthesis"/>
        <Attr Name="UsedIn" Val="simulation"/>
      </FileInfo>
    </File>
    <File Path="$PSRCDIR/sources_1/new/top_processor.vhd">
      <FileInfo>
        <Attr Name="UsedIn" Val="synthesis"/>
        <Attr Name="UsedIn" Val="simulation"/>
      </FileInfo>
    </File>
    <Config>
      <Option Name="DesignMode" Val="RTL"/>
      <Option Name="TopModule" Val="top_processor"/>
      <Option Name="TopAutoSet" Val="TRUE"/>
    </Config>
  </FileSet>
  <FileSet Name="constrs_in" Type="Constrs" RelSrcDir="$PSRCDIR/constrs_1">
    <Filter Type="Constrs"/>
    <File Path="$PSRCDIR/constrs_1/new/lab5_constraint.xdc">
      <FileInfo>
        <Attr Name="UsedIn" Val="synthesis"/>
        <Attr Name="UsedIn" Val="implementation"/>
      </FileInfo>
    </File>
    <Config>
      <Option Name="ConstrsType" Val="XDC"/>
    </Config>
  </FileSet>
  <FileSet Name="utils" Type="Utils" RelSrcDir="$PSRCDIR/utils_1">
    <Filter Type="Utils"/>
    <Config>
      <Option Name="TopAutoSet" Val="TRUE"/>
    </Config>
  </FileSet>
  <Strategy Version="1" Minor="2">
    <StratHandle Name="Vivado Implementation Defaults" Flow="Vivado Implementation 2019"/>
    <Step Id="init_design"/>
    <Step Id="opt_design"/>
    <Step Id="power_opt_design"/>
    <Step Id="place_design"/>
    <Step Id="post_place_power_opt_design"/>
    <Step Id="phys_opt_design" EnableStepBool="1"/>
    <Step Id="route_design"/>
    <Step Id="post_route_phys_opt_design"/>
    <Step Id="write_bitstream"/>
  </Strategy>
</GenRun>
