<?xml version="1.0" encoding="UTF-8"?>
<GenRun Id="impl_1" LaunchPart="xc7a100tcsg324-1" LaunchTime="1614138824">
  <File Type="BITSTR-BMM" Name="Lab3_Demo_bd.bmm"/>
  <File Type="OPT-METHODOLOGY-DRC" Name="Lab3_Demo_methodology_drc_opted.rpt"/>
  <File Type="INIT-TIMING" Name="Lab3_Demo_timing_summary_init.rpt"/>
  <File Type="ROUTE-PWR" Name="Lab3_Demo_power_routed.rpt"/>
  <File Type="PA-TCL" Name="Lab3_Demo.tcl"/>
  <File Type="OPT-TIMING" Name="Lab3_Demo_timing_summary_opted.rpt"/>
  <File Type="OPT-DCP" Name="Lab3_Demo_opt.dcp"/>
  <File Type="ROUTE-PWR-SUM" Name="Lab3_Demo_power_summary_routed.pb"/>
  <File Type="REPORTS-TCL" Name="Lab3_Demo_reports.tcl"/>
  <File Type="OPT-DRC" Name="Lab3_Demo_drc_opted.rpt"/>
  <File Type="OPT-HWDEF" Name="Lab3_Demo.hwdef"/>
  <File Type="PWROPT-DCP" Name="Lab3_Demo_pwropt.dcp"/>
  <File Type="PWROPT-DRC" Name="Lab3_Demo_drc_pwropted.rpt"/>
  <File Type="PWROPT-TIMING" Name="Lab3_Demo_timing_summary_pwropted.rpt"/>
  <File Type="PLACE-DCP" Name="Lab3_Demo_placed.dcp"/>
  <File Type="PLACE-IO" Name="Lab3_Demo_io_placed.rpt"/>
  <File Type="PLACE-CLK" Name="Lab3_Demo_clock_utilization_placed.rpt"/>
  <File Type="PLACE-UTIL" Name="Lab3_Demo_utilization_placed.rpt"/>
  <File Type="PLACE-UTIL-PB" Name="Lab3_Demo_utilization_placed.pb"/>
  <File Type="PLACE-CTRL" Name="Lab3_Demo_control_sets_placed.rpt"/>
  <File Type="PLACE-SIMILARITY" Name="Lab3_Demo_incremental_reuse_placed.rpt"/>
  <File Type="PLACE-PRE-SIMILARITY" Name="Lab3_Demo_incremental_reuse_pre_placed.rpt"/>
  <File Type="PLACE-TIMING" Name="Lab3_Demo_timing_summary_placed.rpt"/>
  <File Type="POSTPLACE-PWROPT-DCP" Name="Lab3_Demo_postplace_pwropt.dcp"/>
  <File Type="BG-BIN" Name="Lab3_Demo.bin"/>
  <File Type="POSTPLACE-PWROPT-TIMING" Name="Lab3_Demo_timing_summary_postplace_pwropted.rpt"/>
  <File Type="PHYSOPT-DCP" Name="Lab3_Demo_physopt.dcp"/>
  <File Type="PHYSOPT-DRC" Name="Lab3_Demo_drc_physopted.rpt"/>
  <File Type="BITSTR-MSK" Name="Lab3_Demo.msk"/>
  <File Type="PHYSOPT-TIMING" Name="Lab3_Demo_timing_summary_physopted.rpt"/>
  <File Type="ROUTE-ERROR-DCP" Name="Lab3_Demo_routed_error.dcp"/>
  <File Type="ROUTE-DCP" Name="Lab3_Demo_routed.dcp"/>
  <File Type="ROUTE-BLACKBOX-DCP" Name="Lab3_Demo_routed_bb.dcp"/>
  <File Type="ROUTE-DRC" Name="Lab3_Demo_drc_routed.rpt"/>
  <File Type="ROUTE-DRC-PB" Name="Lab3_Demo_drc_routed.pb"/>
  <File Type="ROUTE-DRC-RPX" Name="Lab3_Demo_drc_routed.rpx"/>
  <File Type="BITSTR-MMI" Name="Lab3_Demo.mmi"/>
  <File Type="ROUTE-METHODOLOGY-DRC" Name="Lab3_Demo_methodology_drc_routed.rpt"/>
  <File Type="ROUTE-METHODOLOGY-DRC-RPX" Name="Lab3_Demo_methodology_drc_routed.rpx"/>
  <File Type="ROUTE-METHODOLOGY-DRC-PB" Name="Lab3_Demo_methodology_drc_routed.pb"/>
  <File Type="ROUTE-PWR-RPX" Name="Lab3_Demo_power_routed.rpx"/>
  <File Type="ROUTE-STATUS" Name="Lab3_Demo_route_status.rpt"/>
  <File Type="ROUTE-STATUS-PB" Name="Lab3_Demo_route_status.pb"/>
  <File Type="ROUTE-TIMINGSUMMARY" Name="Lab3_Demo_timing_summary_routed.rpt"/>
  <File Type="ROUTE-TIMING-PB" Name="Lab3_Demo_timing_summary_routed.pb"/>
  <File Type="ROUTE-TIMING-RPX" Name="Lab3_Demo_timing_summary_routed.rpx"/>
  <File Type="ROUTE-SIMILARITY" Name="Lab3_Demo_incremental_reuse_routed.rpt"/>
  <File Type="ROUTE-CLK" Name="Lab3_Demo_clock_utilization_routed.rpt"/>
  <File Type="ROUTE-BUS-SKEW" Name="Lab3_Demo_bus_skew_routed.rpt"/>
  <File Type="ROUTE-BUS-SKEW-PB" Name="Lab3_Demo_bus_skew_routed.pb"/>
  <File Type="ROUTE-BUS-SKEW-RPX" Name="Lab3_Demo_bus_skew_routed.rpx"/>
  <File Type="POSTROUTE-PHYSOPT-DCP" Name="Lab3_Demo_postroute_physopt.dcp"/>
  <File Type="POSTROUTE-PHYSOPT-BLACKBOX-DCP" Name="Lab3_Demo_postroute_physopt_bb.dcp"/>
  <File Type="POSTROUTE-PHYSOPT-TIMING" Name="Lab3_Demo_timing_summary_postroute_physopted.rpt"/>
  <File Type="POSTROUTE-PHYSOPT-TIMING-PB" Name="Lab3_Demo_timing_summary_postroute_physopted.pb"/>
  <File Type="POSTROUTE-PHYSOPT-TIMING-RPX" Name="Lab3_Demo_timing_summary_postroute_physopted.rpx"/>
  <File Type="POSTROUTE-PHYSOPT-BUS-SKEW" Name="Lab3_Demo_bus_skew_postroute_physopted.rpt"/>
  <File Type="POSTROUTE-PHYSOPT-BUS-SKEW-PB" Name="Lab3_Demo_bus_skew_postroute_physopted.pb"/>
  <File Type="BG-BIT" Name="Lab3_Demo.bit"/>
  <File Type="POSTROUTE-PHYSOPT-BUS-SKEW-RPX" Name="Lab3_Demo_bus_skew_postroute_physopted.rpx"/>
  <File Type="BITSTR-RBT" Name="Lab3_Demo.rbt"/>
  <File Type="BITSTR-NKY" Name="Lab3_Demo.nky"/>
  <File Type="PDI-FILE" Name="Lab3_Demo.pdi"/>
  <File Type="RCFI_FILE" Name="Lab3_Demo.rcfi"/>
  <File Type="CFI_FILE" Name="Lab3_Demo.cfi"/>
  <File Type="RNPI_FILE" Name="Lab3_Demo.rnpi"/>
  <File Type="NPI_FILE" Name="Lab3_Demo.npi"/>
  <File Type="RBD_FILE" Name="Lab3_Demo.rbd"/>
  <File Type="BITSTR-LTX" Name="debug_nets.ltx"/>
  <File Type="BITSTR-LTX" Name="Lab3_Demo.ltx"/>
  <File Type="BITSTR-SYSDEF" Name="Lab3_Demo.sysdef"/>
  <File Type="BG-BGN" Name="Lab3_Demo.bgn"/>
  <File Type="BG-DRC" Name="Lab3_Demo.drc"/>
  <File Type="RDI-RDI" Name="Lab3_Demo.vdi"/>
  <File Type="WBT-USG" Name="usage_statistics_webtalk.html"/>
  <FileSet Name="sources" Type="DesignSrcs" RelSrcDir="$PSRCDIR/sources_1">
    <Filter Type="Srcs"/>
    <File Path="$PSRCDIR/sources_1/new/Lab3_Demo.vhd">
      <FileInfo>
        <Attr Name="UsedIn" Val="synthesis"/>
        <Attr Name="UsedIn" Val="simulation"/>
      </FileInfo>
    </File>
    <File Path="$PSRCDIR/sources_1/new/SevenSegBCD.vhd">
      <FileInfo>
        <Attr Name="UserDisabled" Val="1"/>
        <Attr Name="UsedIn" Val="synthesis"/>
        <Attr Name="UsedIn" Val="simulation"/>
      </FileInfo>
    </File>
    <File Path="$PSRCDIR/sources_1/new/lab3_bcd_7seg.vhd">
      <FileInfo>
        <Attr Name="UserDisabled" Val="1"/>
        <Attr Name="UsedIn" Val="synthesis"/>
        <Attr Name="UsedIn" Val="simulation"/>
      </FileInfo>
    </File>
    <Config>
      <Option Name="DesignMode" Val="RTL"/>
      <Option Name="TopModule" Val="Lab3_Demo"/>
      <Option Name="TopAutoSet" Val="TRUE"/>
    </Config>
  </FileSet>
  <FileSet Name="constrs_in" Type="Constrs" RelSrcDir="$PSRCDIR/constrs_1">
    <Filter Type="Constrs"/>
    <File Path="$PSRCDIR/constrs_1/new/Lab3_Demo.xdc">
      <FileInfo>
        <Attr Name="UsedIn" Val="synthesis"/>
        <Attr Name="UsedIn" Val="implementation"/>
      </FileInfo>
    </File>
    <Config>
      <Option Name="ConstrsType" Val="XDC"/>
    </Config>
  </FileSet>
  <FileSet Name="utils" Type="Utils" RelSrcDir="$PSRCDIR/utils_1">
    <Filter Type="Utils"/>
    <Config>
      <Option Name="TopAutoSet" Val="TRUE"/>
    </Config>
  </FileSet>
  <Strategy Version="1" Minor="2">
    <StratHandle Name="Vivado Implementation Defaults" Flow="Vivado Implementation 2019">
      <Desc>Default settings for Implementation.</Desc>
    </StratHandle>
    <Step Id="init_design"/>
    <Step Id="opt_design"/>
    <Step Id="power_opt_design"/>
    <Step Id="place_design"/>
    <Step Id="post_place_power_opt_design"/>
    <Step Id="phys_opt_design" EnableStepBool="1"/>
    <Step Id="route_design"/>
    <Step Id="post_route_phys_opt_design"/>
    <Step Id="write_bitstream"/>
  </Strategy>
</GenRun>
