<?xml version="1.0" encoding="UTF-8"?>
<GenRun Id="synth_1" LaunchPart="xc7a100tcsg324-1" LaunchTime="1621230906">
  <File Type="PA-TCL" Name="XTEA_VGA_7Seg_Topfile.tcl"/>
  <File Type="RDS-PROPCONSTRS" Name="XTEA_VGA_7Seg_Topfile_drc_synth.rpt"/>
  <File Type="REPORTS-TCL" Name="XTEA_VGA_7Seg_Topfile_reports.tcl"/>
  <File Type="RDS-RDS" Name="XTEA_VGA_7Seg_Topfile.vds"/>
  <File Type="RDS-UTIL" Name="XTEA_VGA_7Seg_Topfile_utilization_synth.rpt"/>
  <File Type="RDS-UTIL-PB" Name="XTEA_VGA_7Seg_Topfile_utilization_synth.pb"/>
  <File Type="RDS-DCP" Name="XTEA_VGA_7Seg_Topfile.dcp"/>
  <File Type="VDS-TIMINGSUMMARY" Name="XTEA_VGA_7Seg_Topfile_timing_summary_synth.rpt"/>
  <File Type="VDS-TIMING-PB" Name="XTEA_VGA_7Seg_Topfile_timing_summary_synth.pb"/>
  <FileSet Name="sources" Type="DesignSrcs" RelSrcDir="$PSRCDIR/sources_1">
    <Filter Type="Srcs"/>
    <File Path="$PPRDIR/../../lab5_ALU_groupf_finalversion/lab5_addsubmultdiv_groupf/lab5_addsubmultdiv_groupf/lab5_addsubmultdiv_groupf.srcs/sources_1/imports/new/BCD_control.vhd">
      <FileInfo>
        <Attr Name="UsedIn" Val="synthesis"/>
        <Attr Name="UsedIn" Val="simulation"/>
      </FileInfo>
    </File>
    <File Path="$PPRDIR/../../lab5_ALU_groupf_finalversion/lab5_addsubmultdiv_groupf/lab5_addsubmultdiv_groupf/lab5_addsubmultdiv_groupf.srcs/sources_1/imports/new/BCD_to_cathode.vhd">
      <FileInfo>
        <Attr Name="UsedIn" Val="synthesis"/>
        <Attr Name="UsedIn" Val="simulation"/>
      </FileInfo>
    </File>
    <File Path="$PPRDIR/../../lab8_vga_uart_groupf_finalversion/lab8_vga_uart_groupf/lab8_vga_uart_groupf.srcs/sources_1/imports/M_tmp/UART_RX.vhd">
      <FileInfo>
        <Attr Name="UsedIn" Val="synthesis"/>
        <Attr Name="UsedIn" Val="simulation"/>
      </FileInfo>
    </File>
    <File Path="$PPRDIR/../../pse_xtea_vhdl-master_jackhacksfinal/pse_xtea_vhdl-master/XTEA.vhd">
      <FileInfo>
        <Attr Name="UsedIn" Val="synthesis"/>
        <Attr Name="UsedIn" Val="simulation"/>
      </FileInfo>
    </File>
    <File Path="$PPRDIR/../../lab5_ALU_groupf_finalversion/lab5_addsubmultdiv_groupf/lab5_addsubmultdiv_groupf/lab5_addsubmultdiv_groupf.srcs/sources_1/imports/new/anode_control.vhd">
      <FileInfo>
        <Attr Name="UsedIn" Val="synthesis"/>
        <Attr Name="UsedIn" Val="simulation"/>
      </FileInfo>
    </File>
    <File Path="$PSRCDIR/sources_1/imports/new/bin8bcd_mult.vhd">
      <FileInfo>
        <Attr Name="ImportPath" Val="$PPRDIR/../../lab5_ALU_groupf_finalversion/lab5_addsubmultdiv_groupf/lab5_addsubmultdiv_groupf/lab5_addsubmultdiv_groupf.srcs/sources_1/new/bin8bcd_mult.vhd"/>
        <Attr Name="ImportTime" Val="1615961448"/>
        <Attr Name="UsedIn" Val="synthesis"/>
        <Attr Name="UsedIn" Val="simulation"/>
      </FileInfo>
    </File>
    <File Path="$PPRDIR/../../lab5_ALU_groupf_finalversion/lab5_addsubmultdiv_groupf/lab5_addsubmultdiv_groupf/lab5_addsubmultdiv_groupf.srcs/sources_1/imports/new/clock_divider.vhd">
      <FileInfo>
        <Attr Name="UsedIn" Val="synthesis"/>
        <Attr Name="UsedIn" Val="simulation"/>
      </FileInfo>
    </File>
    <File Path="$PPRDIR/../../lab5_ALU_groupf_finalversion/lab5_addsubmultdiv_groupf/lab5_addsubmultdiv_groupf/lab5_addsubmultdiv_groupf.srcs/sources_1/imports/new/refresh_counter.vhd">
      <FileInfo>
        <Attr Name="UsedIn" Val="synthesis"/>
        <Attr Name="UsedIn" Val="simulation"/>
      </FileInfo>
    </File>
    <File Path="$PPRDIR/../../lab5_ALU_groupf_finalversion/lab5_addsubmultdiv_groupf/lab5_addsubmultdiv_groupf/lab5_addsubmultdiv_groupf.srcs/sources_1/imports/new/sevseg_controller.vhd">
      <FileInfo>
        <Attr Name="UsedIn" Val="synthesis"/>
        <Attr Name="UsedIn" Val="simulation"/>
      </FileInfo>
    </File>
    <File Path="$PSRCDIR/sources_1/new/XTEA_VGA_7Seg_Topfile.vhd">
      <FileInfo>
        <Attr Name="UsedIn" Val="synthesis"/>
        <Attr Name="UsedIn" Val="simulation"/>
      </FileInfo>
    </File>
    <File Path="$PPRDIR/../../lab8_vga_uart_groupf_finalversion/lab8_vga_uart_groupf/lab8_vga_uart_groupf.srcs/sources_1/imports/new/PROM_IMG.vhd">
      <FileInfo>
        <Attr Name="AutoDisabled" Val="1"/>
        <Attr Name="UsedIn" Val="synthesis"/>
        <Attr Name="UsedIn" Val="simulation"/>
      </FileInfo>
    </File>
    <File Path="$PPRDIR/../../lab8_vga_uart_groupf_finalversion/lab8_vga_uart_groupf/lab8_vga_uart_groupf.srcs/sources_1/imports/new/VGA_VHDL.vhd">
      <FileInfo>
        <Attr Name="AutoDisabled" Val="1"/>
        <Attr Name="UsedIn" Val="synthesis"/>
        <Attr Name="UsedIn" Val="simulation"/>
      </FileInfo>
    </File>
    <File Path="$PPRDIR/../../lab8_vga_uart_groupf_finalversion/lab8_vga_uart_groupf/lab8_vga_uart_groupf.srcs/sources_1/imports/new/vga_initials.vhd">
      <FileInfo>
        <Attr Name="AutoDisabled" Val="1"/>
        <Attr Name="UsedIn" Val="synthesis"/>
        <Attr Name="UsedIn" Val="simulation"/>
      </FileInfo>
    </File>
    <File Path="$PPRDIR/../../lab8_vga_uart_groupf_finalversion/lab8_vga_uart_groupf/lab8_vga_uart_groupf.srcs/sources_1/imports/new/vga_initials_top.vhd">
      <FileInfo>
        <Attr Name="AutoDisabled" Val="1"/>
        <Attr Name="UsedIn" Val="synthesis"/>
        <Attr Name="UsedIn" Val="simulation"/>
      </FileInfo>
    </File>
    <File Path="$PPRDIR/../../lab5_ALU_groupf_finalversion/lab5_addsubmultdiv_groupf/lab5_addsubmultdiv_groupf/lab5_addsubmultdiv_groupf.srcs/sources_1/new/bin_to_bcd.vhd">
      <FileInfo>
        <Attr Name="AutoDisabled" Val="1"/>
        <Attr Name="UsedIn" Val="synthesis"/>
        <Attr Name="UsedIn" Val="simulation"/>
      </FileInfo>
    </File>
    <File Path="$PPRDIR/../../lab5_ALU_groupf_finalversion/lab5_addsubmultdiv_groupf/lab5_addsubmultdiv_groupf/lab5_addsubmultdiv_groupf.srcs/sources_1/new/top_processor.vhd">
      <FileInfo>
        <Attr Name="AutoDisabled" Val="1"/>
        <Attr Name="UsedIn" Val="synthesis"/>
        <Attr Name="UsedIn" Val="simulation"/>
      </FileInfo>
    </File>
    <File Path="$PPRDIR/../../VGA-Text-Generator-master/VGA-Text-Generator-master/VGA-Text-Generator.srcs/sources_1/new/Font_Rom.vhd">
      <FileInfo>
        <Attr Name="AutoDisabled" Val="1"/>
        <Attr Name="UsedIn" Val="synthesis"/>
        <Attr Name="UsedIn" Val="simulation"/>
      </FileInfo>
    </File>
    <File Path="$PPRDIR/../../VGA-Text-Generator-master/VGA-Text-Generator-master/VGA-Text-Generator.srcs/sources_1/new/commonPak.vhd">
      <FileInfo>
        <Attr Name="AutoDisabled" Val="1"/>
        <Attr Name="UsedIn" Val="synthesis"/>
        <Attr Name="UsedIn" Val="simulation"/>
      </FileInfo>
    </File>
    <File Path="$PPRDIR/../../VGA-Text-Generator-master/VGA-Text-Generator-master/VGA-Text-Generator.srcs/sources_1/new/wrapper.vhd">
      <FileInfo>
        <Attr Name="AutoDisabled" Val="1"/>
        <Attr Name="UsedIn" Val="synthesis"/>
        <Attr Name="UsedIn" Val="simulation"/>
      </FileInfo>
    </File>
    <File Path="$PPRDIR/../../VGA-Text-Generator-master/VGA-Text-Generator-master/VGA-Text-Generator.srcs/sources_1/new/Pixel_On_Text.vhd">
      <FileInfo>
        <Attr Name="AutoDisabled" Val="1"/>
        <Attr Name="UsedIn" Val="synthesis"/>
        <Attr Name="UsedIn" Val="simulation"/>
      </FileInfo>
    </File>
    <Config>
      <Option Name="DesignMode" Val="RTL"/>
      <Option Name="TopModule" Val="XTEA_VGA_7Seg_Topfile"/>
    </Config>
  </FileSet>
  <FileSet Name="constrs_in" Type="Constrs" RelSrcDir="$PSRCDIR/constrs_1">
    <Filter Type="Constrs"/>
    <Config>
      <Option Name="ConstrsType" Val="XDC"/>
    </Config>
  </FileSet>
  <FileSet Name="utils" Type="Utils" RelSrcDir="$PSRCDIR/utils_1">
    <Filter Type="Utils"/>
    <Config>
      <Option Name="TopAutoSet" Val="TRUE"/>
    </Config>
  </FileSet>
  <Strategy Version="1" Minor="2">
    <StratHandle Name="Vivado Synthesis Defaults" Flow="Vivado Synthesis 2018"/>
    <Step Id="synth_design"/>
  </Strategy>
</GenRun>
