<?xml version="1.0" encoding="UTF-8"?>
<GenRun Id="synth_1" LaunchPart="xc7a100tcsg324-1" LaunchTime="1615961584">
  <File Type="PA-TCL" Name="top_processor.tcl"/>
  <File Type="RDS-PROPCONSTRS" Name="top_processor_drc_synth.rpt"/>
  <File Type="REPORTS-TCL" Name="top_processor_reports.tcl"/>
  <File Type="RDS-RDS" Name="top_processor.vds"/>
  <File Type="RDS-UTIL" Name="top_processor_utilization_synth.rpt"/>
  <File Type="RDS-UTIL-PB" Name="top_processor_utilization_synth.pb"/>
  <File Type="RDS-DCP" Name="top_processor.dcp"/>
  <File Type="VDS-TIMINGSUMMARY" Name="top_processor_timing_summary_synth.rpt"/>
  <File Type="VDS-TIMING-PB" Name="top_processor_timing_summary_synth.pb"/>
  <FileSet Name="sources" Type="DesignSrcs" RelSrcDir="$PSRCDIR/sources_1">
    <Filter Type="Srcs"/>
    <File Path="$PSRCDIR/sources_1/imports/new/BCD_control.vhd">
      <FileInfo>
        <Attr Name="ImportPath" Val="$PPRDIR/../fuck/lab4v2_7seg/lab4v2_7seg.srcs/sources_1/new/BCD_control.vhd"/>
        <Attr Name="ImportTime" Val="1615844793"/>
        <Attr Name="UsedIn" Val="synthesis"/>
        <Attr Name="UsedIn" Val="simulation"/>
      </FileInfo>
    </File>
    <File Path="$PSRCDIR/sources_1/imports/new/BCD_to_cathode.vhd">
      <FileInfo>
        <Attr Name="ImportPath" Val="$PPRDIR/../fuck/lab4v2_7seg/lab4v2_7seg.srcs/sources_1/new/BCD_to_cathode.vhd"/>
        <Attr Name="ImportTime" Val="1615844236"/>
        <Attr Name="UsedIn" Val="synthesis"/>
        <Attr Name="UsedIn" Val="simulation"/>
      </FileInfo>
    </File>
    <File Path="$PSRCDIR/sources_1/imports/HDD2_Downloads/HalfAdder.vhd">
      <FileInfo>
        <Attr Name="ImportPath" Val="E:/Users/Jacob/HDD2_Downloads/HalfAdder.vhd"/>
        <Attr Name="ImportTime" Val="1615946134"/>
        <Attr Name="UsedIn" Val="synthesis"/>
        <Attr Name="UsedIn" Val="simulation"/>
      </FileInfo>
    </File>
    <File Path="$PSRCDIR/sources_1/new/add_sub.vhd">
      <FileInfo>
        <Attr Name="UsedIn" Val="synthesis"/>
        <Attr Name="UsedIn" Val="simulation"/>
      </FileInfo>
    </File>
    <File Path="$PSRCDIR/sources_1/imports/new/anode_control.vhd">
      <FileInfo>
        <Attr Name="ImportPath" Val="$PPRDIR/../fuck/lab4v2_7seg/lab4v2_7seg.srcs/sources_1/new/anode_control.vhd"/>
        <Attr Name="ImportTime" Val="1615846825"/>
        <Attr Name="UsedIn" Val="synthesis"/>
        <Attr Name="UsedIn" Val="simulation"/>
      </FileInfo>
    </File>
    <File Path="$PSRCDIR/sources_1/new/bcd_ALU.vhd">
      <FileInfo>
        <Attr Name="UsedIn" Val="synthesis"/>
        <Attr Name="UsedIn" Val="simulation"/>
      </FileInfo>
    </File>
    <File Path="$PSRCDIR/sources_1/imports/HDD2_Downloads/bcd_mult.vhd">
      <FileInfo>
        <Attr Name="ImportPath" Val="E:/Users/Jacob/HDD2_Downloads/bcd_mult.vhd"/>
        <Attr Name="ImportTime" Val="1615952709"/>
        <Attr Name="UsedIn" Val="synthesis"/>
        <Attr Name="UsedIn" Val="simulation"/>
      </FileInfo>
    </File>
    <File Path="$PSRCDIR/sources_1/new/bin8bcd_mult.vhd">
      <FileInfo>
        <Attr Name="UsedIn" Val="synthesis"/>
        <Attr Name="UsedIn" Val="simulation"/>
      </FileInfo>
    </File>
    <File Path="$PSRCDIR/sources_1/new/bin_to_bcd.vhd">
      <FileInfo>
        <Attr Name="UsedIn" Val="synthesis"/>
        <Attr Name="UsedIn" Val="simulation"/>
      </FileInfo>
    </File>
    <File Path="$PSRCDIR/sources_1/imports/new/clock_divider.vhd">
      <FileInfo>
        <Attr Name="ImportPath" Val="$PPRDIR/../fuck/lab4v2_7seg/lab4v2_7seg.srcs/sources_1/new/clock_divider.vhd"/>
        <Attr Name="ImportTime" Val="1614759906"/>
        <Attr Name="UsedIn" Val="synthesis"/>
        <Attr Name="UsedIn" Val="simulation"/>
      </FileInfo>
    </File>
    <File Path="$PSRCDIR/sources_1/new/fulladder.vhd">
      <FileInfo>
        <Attr Name="UsedIn" Val="synthesis"/>
        <Attr Name="UsedIn" Val="simulation"/>
      </FileInfo>
    </File>
    <File Path="$PSRCDIR/sources_1/imports/new/refresh_counter.vhd">
      <FileInfo>
        <Attr Name="ImportPath" Val="$PPRDIR/../fuck/lab4v2_7seg/lab4v2_7seg.srcs/sources_1/new/refresh_counter.vhd"/>
        <Attr Name="ImportTime" Val="1615003967"/>
        <Attr Name="UsedIn" Val="synthesis"/>
        <Attr Name="UsedIn" Val="simulation"/>
      </FileInfo>
    </File>
    <File Path="$PSRCDIR/sources_1/imports/new/sevseg_controller.vhd">
      <FileInfo>
        <Attr Name="ImportPath" Val="$PPRDIR/../fuck/lab4v2_7seg/lab4v2_7seg.srcs/sources_1/new/sevseg_controller.vhd"/>
        <Attr Name="ImportTime" Val="1615848400"/>
        <Attr Name="UsedIn" Val="synthesis"/>
        <Attr Name="UsedIn" Val="simulation"/>
      </FileInfo>
    </File>
    <File Path="$PSRCDIR/sources_1/new/top_processor.vhd">
      <FileInfo>
        <Attr Name="UsedIn" Val="synthesis"/>
        <Attr Name="UsedIn" Val="simulation"/>
      </FileInfo>
    </File>
    <Config>
      <Option Name="DesignMode" Val="RTL"/>
      <Option Name="TopModule" Val="top_processor"/>
      <Option Name="TopAutoSet" Val="TRUE"/>
    </Config>
  </FileSet>
  <FileSet Name="constrs_in" Type="Constrs" RelSrcDir="$PSRCDIR/constrs_1">
    <Filter Type="Constrs"/>
    <File Path="$PSRCDIR/constrs_1/new/lab5_constraint.xdc">
      <FileInfo>
        <Attr Name="UsedIn" Val="synthesis"/>
        <Attr Name="UsedIn" Val="implementation"/>
      </FileInfo>
    </File>
    <Config>
      <Option Name="ConstrsType" Val="XDC"/>
    </Config>
  </FileSet>
  <FileSet Name="utils" Type="Utils" RelSrcDir="$PSRCDIR/utils_1">
    <Filter Type="Utils"/>
    <Config>
      <Option Name="TopAutoSet" Val="TRUE"/>
    </Config>
  </FileSet>
  <Strategy Version="1" Minor="2">
    <StratHandle Name="Vivado Synthesis Defaults" Flow="Vivado Synthesis 2019"/>
    <Step Id="synth_design"/>
  </Strategy>
</GenRun>
